Sample_ID,Sample_Name,Sample_Plate,Sample_Well,I7_Index_ID,index,I5_Index_ID,index2,Sample_Project,Description
chinook18605,CH_18605,T168287_T1757_1A,A1,GTseq_i7_i25,TTCCTG,Tag_AAACGG,AAACGG,CH_microhaps_test65,T168287
chinook18606,CH_18606,T168295_T1757_2A,A2,GTseq_i7_i25,TTCCTG,Tag_ACTCTT,ACTCTT,CH_microhaps_test65,T168295
chinook18607,CH_18607,T168303_T1757_3A,A3,GTseq_i7_i25,TTCCTG,Tag_ATTCCG,ATTCCG,CH_microhaps_test65,T168303
chinook18608,CH_18608,T168311_T1757_4A,A4,GTseq_i7_i25,TTCCTG,Tag_CGAGGC,CGAGGC,CH_microhaps_test65,T168311
chinook18609,CH_18609,T168319_T1757_5A,A5,GTseq_i7_i25,TTCCTG,Tag_GAAATG,GAAATG,CH_microhaps_test65,T168319
chinook18610,CH_18610,T168327_T1757_6A,A6,GTseq_i7_i25,TTCCTG,Tag_GGACTT,GGACTT,CH_microhaps_test65,T168327
chinook18611,CH_18611,T168335_T1757_7A,A7,GTseq_i7_i25,TTCCTG,Tag_TAAGCT,TAAGCT,CH_microhaps_test65,T168335
chinook18612,CH_18612,T168343_T1757_8A,A8,GTseq_i7_i25,TTCCTG,Tag_TCTTCT,TCTTCT,CH_microhaps_test65,T168343
chinook18613,CH_18613,T168351_T1757_9A,A9,GTseq_i7_i25,TTCCTG,Tag_AACGTT,AACGTT,CH_microhaps_test65,T168351
chinook18614,CH_18614,T168359_T1757_10A,A10,GTseq_i7_i25,TTCCTG,Tag_ACTGGC,ACTGGC,CH_microhaps_test65,T168359
chinook18615,CH_18615,T168367_T1757_11A,A11,GTseq_i7_i25,TTCCTG,Tag_CAAAAA,CAAAAA,CH_microhaps_test65,T168367
chinook18616,CH_18616,T168375_T1757_12A,A12,GTseq_i7_i25,TTCCTG,Tag_CGCAGA,CGCAGA,CH_microhaps_test65,T168375
chinook18617,CH_18617,T168288_T1757_1B,B1,GTseq_i7_i25,TTCCTG,Tag_GAACCA,GAACCA,CH_microhaps_test65,T168288
chinook18618,CH_18618,T168296_T1757_2B,B2,GTseq_i7_i25,TTCCTG,Tag_GGCAAG,GGCAAG,CH_microhaps_test65,T168296
chinook18619,CH_18619,T168304_T1757_3B,B3,GTseq_i7_i25,TTCCTG,Tag_TAATTC,TAATTC,CH_microhaps_test65,T168304
chinook18620,CH_18620,T168312_T1757_4B,B4,GTseq_i7_i25,TTCCTG,Tag_TGAACC,TGAACC,CH_microhaps_test65,T168312
chinook18621,CH_18621,T168320_T1757_5B,B5,GTseq_i7_i25,TTCCTG,Tag_AACTGA,AACTGA,CH_microhaps_test65,T168320
chinook18622,CH_18622,T168328_T1757_6B,B6,GTseq_i7_i25,TTCCTG,Tag_AGCCAT,AGCCAT,CH_microhaps_test65,T168328
chinook18623,CH_18623,T168336_T1757_7B,B7,GTseq_i7_i25,TTCCTG,Tag_CAATCG,CAATCG,CH_microhaps_test65,T168336
chinook18624,CH_18624,T168344_T1757_8B,B8,GTseq_i7_i25,TTCCTG,Tag_CGCGTG,CGCGTG,CH_microhaps_test65,T168344
chinook18625,CH_18625,T168352_T1757_9B,B9,GTseq_i7_i25,TTCCTG,Tag_GACGAC,GACGAC,CH_microhaps_test65,T168352
chinook18626,CH_18626,T168360_T1757_10B,B10,GTseq_i7_i25,TTCCTG,Tag_GGGCGC,GGGCGC,CH_microhaps_test65,T168360
chinook18627,CH_18627,T168368_T1757_11B,B11,GTseq_i7_i25,TTCCTG,Tag_TACACA,TACACA,CH_microhaps_test65,T168368
chinook18628,CH_18628,T168376_T1757_12B,B12,GTseq_i7_i25,TTCCTG,Tag_TGACAA,TGACAA,CH_microhaps_test65,T168376
chinook18629,CH_18629,T168289_T1757_1C,C1,GTseq_i7_i25,TTCCTG,Tag_AAGACG,AAGACG,CH_microhaps_test65,T168289
chinook18630,CH_18630,T168297_T1757_2C,C2,GTseq_i7_i25,TTCCTG,Tag_AGCGCA,AGCGCA,CH_microhaps_test65,T168297
chinook18631,CH_18631,T168305_T1757_3C,C3,GTseq_i7_i25,TTCCTG,Tag_CACCTC,CACCTC,CH_microhaps_test65,T168305
chinook18632,CH_18632,T168313_T1757_4C,C4,GTseq_i7_i25,TTCCTG,Tag_CGGTCC,CGGTCC,CH_microhaps_test65,T168313
chinook18633,CH_18633,T168321_T1757_5C,C5,GTseq_i7_i25,TTCCTG,Tag_GACTCT,GACTCT,CH_microhaps_test65,T168321
chinook18634,CH_18634,T168329_T1757_6C,C6,GTseq_i7_i25,TTCCTG,Tag_GGGGCG,GGGGCG,CH_microhaps_test65,T168329
chinook18635,CH_18635,T168337_T1757_7C,C7,GTseq_i7_i25,TTCCTG,Tag_TACGGG,TACGGG,CH_microhaps_test65,T168337
chinook18636,CH_18636,T168345_T1757_8C,C8,GTseq_i7_i25,TTCCTG,Tag_TGCCCG,TGCCCG,CH_microhaps_test65,T168345
chinook18637,CH_18637,T168353_T1757_9C,C9,GTseq_i7_i25,TTCCTG,Tag_AAGCTA,AAGCTA,CH_microhaps_test65,T168353
chinook18638,CH_18638,T168361_T1757_10C,C10,GTseq_i7_i25,TTCCTG,Tag_AGGGTC,AGGGTC,CH_microhaps_test65,T168361
chinook18639,CH_18639,T168369_T1757_11C,C11,GTseq_i7_i25,TTCCTG,Tag_CAGGCA,CAGGCA,CH_microhaps_test65,T168369
chinook18640,CH_18640,T168377_T1757_12C,C12,GTseq_i7_i25,TTCCTG,Tag_CGTCTA,CGTCTA,CH_microhaps_test65,T168377
chinook18641,CH_18641,T168290_T1757_1D,D1,GTseq_i7_i25,TTCCTG,Tag_GAGAGA,GAGAGA,CH_microhaps_test65,T168290
chinook18642,CH_18642,T168298_T1757_2D,D2,GTseq_i7_i25,TTCCTG,Tag_GGTACA,GGTACA,CH_microhaps_test65,T168298
chinook18643,CH_18643,T168306_T1757_3D,D3,GTseq_i7_i25,TTCCTG,Tag_TAGTAT,TAGTAT,CH_microhaps_test65,T168306
chinook18644,CH_18644,T168314_T1757_4D,D4,GTseq_i7_i25,TTCCTG,Tag_TGCTTA,TGCTTA,CH_microhaps_test65,T168314
chinook18645,CH_18645,T168322_T1757_5D,D5,GTseq_i7_i25,TTCCTG,Tag_AATATC,AATATC,CH_microhaps_test65,T168322
chinook18646,CH_18646,T168330_T1757_6D,D6,GTseq_i7_i25,TTCCTG,Tag_AGGTGT,AGGTGT,CH_microhaps_test65,T168330
chinook18647,CH_18647,T168338_T1757_7D,D7,GTseq_i7_i25,TTCCTG,Tag_CATACT,CATACT,CH_microhaps_test65,T168338
chinook18648,CH_18648,T168346_T1757_8D,D8,GTseq_i7_i25,TTCCTG,Tag_CGTGAT,CGTGAT,CH_microhaps_test65,T168346
chinook18649,CH_18649,T168354_T1757_9D,D9,GTseq_i7_i25,TTCCTG,Tag_GATCGT,GATCGT,CH_microhaps_test65,T168354
chinook18650,CH_18650,T168362_T1757_10D,D10,GTseq_i7_i25,TTCCTG,Tag_GGTTTG,GGTTTG,CH_microhaps_test65,T168362
chinook18651,CH_18651,T168370_T1757_11D,D11,GTseq_i7_i25,TTCCTG,Tag_TATCAC,TATCAC,CH_microhaps_test65,T168370
chinook18652,CH_18652,T168378_T1757_12D,D12,GTseq_i7_i25,TTCCTG,Tag_TGGGGA,TGGGGA,CH_microhaps_test65,T168378
chinook18653,CH_18653,T168291_T1757_1E,E1,GTseq_i7_i25,TTCCTG,Tag_AATGAG,AATGAG,CH_microhaps_test65,T168291
chinook18654,CH_18654,T168299_T1757_2E,E2,GTseq_i7_i25,TTCCTG,Tag_AGTAGG,AGTAGG,CH_microhaps_test65,T168299
chinook18655,CH_18655,T168307_T1757_3E,E3,GTseq_i7_i25,TTCCTG,Tag_CCATTT,CCATTT,CH_microhaps_test65,T168307
chinook18656,CH_18656,T168315_T1757_4E,E4,GTseq_i7_i25,TTCCTG,Tag_CTACAG,CTACAG,CH_microhaps_test65,T168315
chinook18657,CH_18657,T168323_T1757_5E,E5,GTseq_i7_i25,TTCCTG,Tag_GCAGAT,GCAGAT,CH_microhaps_test65,T168323
chinook18658,CH_18658,T168331_T1757_6E,E6,GTseq_i7_i25,TTCCTG,Tag_GTAAGT,GTAAGT,CH_microhaps_test65,T168331
chinook18659,CH_18659,T168339_T1757_7E,E7,GTseq_i7_i25,TTCCTG,Tag_TCAAAG,TCAAAG,CH_microhaps_test65,T168339
chinook18660,CH_18660,T168347_T1757_8E,E8,GTseq_i7_i25,TTCCTG,Tag_TTATGA,TTATGA,CH_microhaps_test65,T168347
chinook18661,CH_18661,T168355_T1757_9E,E9,GTseq_i7_i25,TTCCTG,Tag_ACAAGA,ACAAGA,CH_microhaps_test65,T168355
chinook18662,CH_18662,T168363_T1757_10E,E10,GTseq_i7_i25,TTCCTG,Tag_AGTTAA,AGTTAA,CH_microhaps_test65,T168363
chinook18663,CH_18663,T168371_T1757_11E,E11,GTseq_i7_i25,TTCCTG,Tag_CCCGGT,CCCGGT,CH_microhaps_test65,T168371
chinook18664,CH_18664,T168379_T1757_12E,E12,GTseq_i7_i25,TTCCTG,Tag_CTCGCC,CTCGCC,CH_microhaps_test65,T168379
chinook18665,CH_18665,T168292_T1757_1F,F1,GTseq_i7_i25,TTCCTG,Tag_GCATGG,GCATGG,CH_microhaps_test65,T168292
chinook18666,CH_18666,T168300_T1757_2F,F2,GTseq_i7_i25,TTCCTG,Tag_GTATCC,GTATCC,CH_microhaps_test65,T168300
chinook18667,CH_18667,T168308_T1757_3F,F3,GTseq_i7_i25,TTCCTG,Tag_TCCTGC,TCCTGC,CH_microhaps_test65,T168308
chinook18668,CH_18668,T168316_T1757_4F,F4,GTseq_i7_i25,TTCCTG,Tag_TTCCGT,TTCCGT,CH_microhaps_test65,T168316
chinook18669,CH_18669,T168324_T1757_5F,F5,GTseq_i7_i25,TTCCTG,Tag_ACAGCG,ACAGCG,CH_microhaps_test65,T168324
chinook18670,CH_18670,T168332_T1757_6F,F6,GTseq_i7_i25,TTCCTG,Tag_ATAGTA,ATAGTA,CH_microhaps_test65,T168332
chinook18671,CH_18671,T168340_T1757_7F,F7,GTseq_i7_i25,TTCCTG,Tag_CCCTAA,CCCTAA,CH_microhaps_test65,T168340
chinook18672,CH_18672,T168348_T1757_8F,F8,GTseq_i7_i25,TTCCTG,Tag_CTGCGA,CTGCGA,CH_microhaps_test65,T168348
chinook18673,CH_18673,T168356_T1757_9F,F9,GTseq_i7_i25,TTCCTG,Tag_GCCGTA,GCCGTA,CH_microhaps_test65,T168356
chinook18674,CH_18674,T168364_T1757_10F,F10,GTseq_i7_i25,TTCCTG,Tag_GTCATC,GTCATC,CH_microhaps_test65,T168364
chinook18675,CH_18675,T168372_T1757_11F,F11,GTseq_i7_i25,TTCCTG,Tag_TCGATT,TCGATT,CH_microhaps_test65,T168372
chinook18676,CH_18676,T168380_T1757_12F,F12,GTseq_i7_i25,TTCCTG,Tag_TTCTAG,TTCTAG,CH_microhaps_test65,T168380
chinook18677,CH_18677,T168293_T1757_1G,G1,GTseq_i7_i25,TTCCTG,Tag_ACATAC,ACATAC,CH_microhaps_test65,T168293
chinook18678,CH_18678,T168301_T1757_2G,G2,GTseq_i7_i25,TTCCTG,Tag_ATCAAA,ATCAAA,CH_microhaps_test65,T168301
chinook18679,CH_18679,T168309_T1757_3G,G3,GTseq_i7_i25,TTCCTG,Tag_CCGAGG,CCGAGG,CH_microhaps_test65,T168309
chinook18680,CH_18680,T168317_T1757_4G,G4,GTseq_i7_i25,TTCCTG,Tag_CTGGTT,CTGGTT,CH_microhaps_test65,T168317
chinook18681,CH_18681,T168325_T1757_5G,G5,GTseq_i7_i25,TTCCTG,Tag_GCGACC,GCGACC,CH_microhaps_test65,T168325
chinook18682,CH_18682,T168333_T1757_6G,G6,GTseq_i7_i25,TTCCTG,Tag_GTGCCT,GTGCCT,CH_microhaps_test65,T168333
chinook18683,CH_18683,T168341_T1757_7G,G7,GTseq_i7_i25,TTCCTG,Tag_TCGCCA,TCGCCA,CH_microhaps_test65,T168341
chinook18684,CH_18684,T168349_T1757_8G,G8,GTseq_i7_i25,TTCCTG,Tag_TTGAGC,TTGAGC,CH_microhaps_test65,T168349
chinook18685,CH_18685,T168357_T1757_9G,G9,GTseq_i7_i25,TTCCTG,Tag_ACCATG,ACCATG,CH_microhaps_test65,T168357
chinook18686,CH_18686,T168365_T1757_10G,G10,GTseq_i7_i25,TTCCTG,Tag_ATGCAC,ATGCAC,CH_microhaps_test65,T168365
chinook18687,CH_18687,T168373_T1757_11G,G11,GTseq_i7_i25,TTCCTG,Tag_CCGCAT,CCGCAT,CH_microhaps_test65,T168373
chinook18688,CH_18688,T168381_T1757_12G,G12,GTseq_i7_i25,TTCCTG,Tag_CTTATG,CTTATG,CH_microhaps_test65,T168381
chinook18689,CH_18689,T168294_T1757_1H,H1,GTseq_i7_i25,TTCCTG,Tag_GCGCTG,GCGCTG,CH_microhaps_test65,T168294
chinook18690,CH_18690,T168302_T1757_2H,H2,GTseq_i7_i25,TTCCTG,Tag_GTGTAA,GTGTAA,CH_microhaps_test65,T168302
chinook18691,CH_18691,T168310_T1757_3H,H3,GTseq_i7_i25,TTCCTG,Tag_TCGGAC,TCGGAC,CH_microhaps_test65,T168310
chinook18692,CH_18692,T168318_T1757_4H,H4,GTseq_i7_i25,TTCCTG,Tag_TTTAAT,TTTAAT,CH_microhaps_test65,T168318
chinook18693,CH_18693,T168326_T1757_5H,H5,GTseq_i7_i25,TTCCTG,Tag_ACCCCC,ACCCCC,CH_microhaps_test65,T168326
chinook18694,CH_18694,T168334_T1757_6H,H6,GTseq_i7_i25,TTCCTG,Tag_ATGTTG,ATGTTG,CH_microhaps_test65,T168334
chinook18695,CH_18695,T168342_T1757_7H,H7,GTseq_i7_i25,TTCCTG,Tag_CCTAAC,CCTAAC,CH_microhaps_test65,T168342
chinook18696,CH_18696,T168350_T1757_8H,H8,GTseq_i7_i25,TTCCTG,Tag_CTTTGC,CTTTGC,CH_microhaps_test65,T168350
chinook18697,CH_18697,T168358_T1757_9H,H9,GTseq_i7_i25,TTCCTG,Tag_GCTCAA,GCTCAA,CH_microhaps_test65,T168358
chinook18698,CH_18698,T168366_T1757_10H,H10,GTseq_i7_i25,TTCCTG,Tag_GTTGGA,GTTGGA,CH_microhaps_test65,T168366
chinook18699,CH_18699,T168374_T1757_11H,H11,GTseq_i7_i25,TTCCTG,Tag_TCTCGG,TCTCGG,CH_microhaps_test65,T168374
chinook18700,CH_18700,T168382_T1757_12H,H12,GTseq_i7_i25,TTCCTG,Tag_TTTGTC,TTTGTC,CH_microhaps_test65,T168382